{"cameraMode":{"drawMode":0,"name":"Shaded","section":"Shading Mode"},"sceneLighting":true,"audioPlay":false,"sceneViewState":{"showFog":true,"showMaterialUpdate":false,"showSkybox":false,"showFlares":true,"showImageEffects":true,"showParticleSystems":true},"in2DMode":false,"pivot":{"x":-3.6380510330200197,"y":1.9696625471115113,"z":2.3488423824310304},"rotation":{"x":0.08081497251987457,"y":-0.39606228470802309,"z":-0.03502103313803673,"w":-0.9139997363090515},"size":9.2401123046875,"orthographic":false}